[
  {
    "id": "1756831403983",
    "nome": "Camiseta Adidas Small Logo Masculina - Preto+Branco",
    "preco": 70,
    "descricao": "Departamento BS: Esporte\nIndicado para: Dia a Dia\nEstilo da Peça: Com logo\nGola: Gola Careca\nMaterial: Algodão\nManga: Manga Curta",
    "categoria": "Roupas",
    "imagem": "https://drive.google.com/file/d/1Nw9mpzsignrdGdHJV2JVdoquvitVznR4/view?usp=drive_link",
    "createdAt": "2025-09-02T16:43:23.983Z",
    "updatedAt": "2025-09-02T16:43:23.983Z"
  },
  {
    "id": "1756831674736",
    "nome": "Camiseta Nike Sportswear Just Do It Masculina",
    "preco": 105,
    "descricao": "A Camiseta Nike Sportswear JDI Masculina combina conforto e atitude em uma peça essencial para o dia a dia. Feita em 100% algodão",
    "categoria": "Roupas",
    "imagem": "https://drive.google.com/file/d/1hQ7KuGCgod5vJcof0rvR6vMdlV_JNroS/view?usp=sharing",
    "createdAt": "2025-09-02T16:47:54.736Z",
    "updatedAt": "2025-09-02T16:47:54.736Z"
  },
  {
    "id": "1756831820332",
    "nome": "Camiseta Corinthians Mosqueteiro Masculino",
    "preco": 110,
    "descricao": "Timão no dia a dia? A Camiseta Corinthians Street Masculina é a escolha certa! Indispensável para a coleção dos fiéis torcedores, esta camiseta masculina foi confeccionada em materiais de qualidade, garantindo conforto e leveza para o sportstyle diário",
    "categoria": "Roupas",
    "imagem": "https://drive.google.com/file/d/1JvRH0z-QUkcxoFbDCsWlG8UPAyDuow9t/view?usp=sharing",
    "createdAt": "2025-09-02T16:50:20.332Z",
    "updatedAt": "2025-09-02T16:50:20.332Z"
  },
  {
    "id": "1756831985094",
    "nome": "iPhone 13 128GB Branco",
    "preco": 2500,
    "descricao": "Armazenamento Interno: 128GB\nMemória RAM: 4GB\nTamanho da Tela: 6.1\nMarca: Apple",
    "categoria": "Eletrônicos",
    "imagem": "https://drive.google.com/file/d/1VwnPZ5cPZUud2kp-Qn3k6wYdrpNW_MJl/view?usp=sharing",
    "createdAt": "2025-09-02T16:53:05.094Z",
    "updatedAt": "2025-09-02T17:08:35.646Z"
  },
  {
    "id": "1756832150177",
    "nome": "iPhone 14 128GB Meia-noite",
    "preco": 3800,
    "descricao": "128GB de armazenamento interno\nTela de 6.1 in\nCâmera traseira de 12 MP\nCâmera frontal de 12MP",
    "categoria": "Eletrônicos",
    "imagem": "https://drive.google.com/file/d/18ATWFfA6bawrFEjJIpB_TYF3jzETRL60/view?usp=sharing",
    "createdAt": "2025-09-02T16:55:50.177Z",
    "updatedAt": "2025-09-02T17:07:49.326Z"
  },
  {
    "id": "1756832352314",
    "nome": "iPhone 15 128GB Preto",
    "preco": 4200,
    "descricao": "128GB de armazenamento interno\nTela de 6,1 polegadas\nCâmera traseira de 48MP\nCâmera frontal de 12MP",
    "categoria": "Eletrônicos",
    "imagem": "https://drive.google.com/file/d/1Zxqa5ETog5SEJv4Yv7XosCSSqJA3GfzC/view?usp=sharing",
    "createdAt": "2025-09-02T16:59:12.314Z",
    "updatedAt": "2025-09-02T16:59:12.314Z"
  },
  {
    "id": "1756832467577",
    "nome": "Livro De Colorir",
    "preco": 60,
    "descricao": "Capa Dura Desenhos 50 Páginas A5 Pintar Canetinhas Ca",
    "categoria": "Livros",
    "imagem": "https://drive.google.com/file/d/1SdetrPJpGXAdtrZm7ANgqMOd4wGFKbvW/view?usp=sharing",
    "createdAt": "2025-09-02T17:01:07.577Z",
    "updatedAt": "2025-09-02T17:01:07.577Z"
  },
  {
    "id": "1756832620930",
    "nome": "Acidente O",
    "preco": 40,
    "descricao": "Tegan está fugindo de um pesadelo, mas não imagina que o caminho que ela escolhe é apenas o começo de um destino ainda mais sombrio. O acidente é um thriller tenso e sinistro de Freida McFadden, autora best-seller de A empregada, que deixa o leitor com medo de virar cada página. Tegan tem 23 anos, está grávida de oito meses e precisa, desesperadamente, deixar para trás uma vida marcada por dor e sofrimento.",
    "categoria": "Livros",
    "imagem": "https://drive.google.com/file/d/186fZ5Rkhb1qQ1lVrwY7l6Xq8WpRIbL5D/view?usp=sharing",
    "createdAt": "2025-09-02T17:03:40.930Z",
    "updatedAt": "2025-09-02T17:03:40.930Z"
  },
  {
    "id": "1756832754339",
    "nome": "Floresta Encantada + Marca Página",
    "preco": 50,
    "descricao": "Neste livro, Johanna Basford convida o leitor a embarcar numa viagem ao coracao de uma floresta encantada.",
    "categoria": "Livros",
    "imagem": "https://drive.google.com/file/d/1Zh9b50g_J5djHhtYPQj2AHuA5NFa1wal/view?usp=sharing",
    "createdAt": "2025-09-02T17:05:54.339Z",
    "updatedAt": "2025-09-02T17:05:54.339Z"
  }
]